{"cameraMode":{"drawMode":0,"name":"Shaded","section":"Shading Mode"},"sceneLighting":true,"audioPlay":false,"sceneViewState":{"showFog":true,"showMaterialUpdate":false,"showSkybox":true,"showFlares":true,"showImageEffects":true,"showParticleSystems":true},"in2DMode":false,"pivot":{"x":-4.978339195251465,"y":4.235378742218018,"z":28.50046157836914},"rotation":{"x":0.1235581636428833,"y":-0.01934945210814476,"z":0.0024096202105283739,"w":0.9921462535858154},"size":2.068453073501587,"orthographic":false}